text,label,Response,Predicted
"Love this!  Well made, sturdy, and very comfortable.  I love it!Very pretty",CG,original,OR
"love it, a great upgrade from the original.  I've had mine for a couple of years",CG,original,OR
This pillow saved my back. I love the look and feel of this pillow.,CG,original,OR
"Missing information on how to use it, but it is a great product for the price!  I",CG,original,OR
Very nice set. Good quality. We have had the set for two months now and have not been,CG,original,OR
I WANTED DIFFERENT FLAVORS BUT THEY ARE NOT.,CG,original,OR
They are the perfect touch for me and the only thing I wish they had a little more space.,CG,original,OR
These done fit well and look great.  I love the smoothness of the edges and the extra,CG,original,OR
"Great big numbers & easy to read, the only thing I didn't like is the size of the",CG,original,OR
My son loves this comforter and it is very well made.  We also have a baby,CG,original,OR
As advertised. 5th one I've had. The only problem is that it's not really a,CG,original,OR
Very handy for one of my kids and the tools are included in the package. I have one in,CG,original,OR
"Did someone say, ""Oriental for $60""?  It is a great product for the",CG,original,OR
These are so flimsy! They are not the quality you would expect from a piece of furniture.,CG,original,OR
Makes may tea with out stirring. The only problem is that it's kind of hard to put,CG,computer-generated,CG
Absolutely adorable! And excellent price. We have had the wooden ones for a few months now and they,CG,original,OR
Love this!  Perfect size for an entire family!Very good quality.,CG,original,OR
These look beautiful and so nice. The only problem is that it's not really a mesh one.,CG,original,OR
Exactly what you would expect. I love the look and feel of this pillow.,CG,original,OR
"10 Stars, I would highly recommend this item. We love this blanket.",CG,original,OR
Great little egg masher.  We have had it for a few months now and it's been,CG,original,OR
"As advertised.  Easy to use.  Love the colors.  Also, the dimensions are just",CG,original,OR
it is exactly as pictured. I love the look and feel of this pillow.,CG,original,OR
"Fantastic, just what I wanted!!!  I love the look and feel of this pillow.",CG,original,OR
"Supposed to come with extra hardware. The only problem is that it's not really a vacuum,",CG,original,OR
Easy to use. Seems to be an easy way to make a smoothie for a small person.,CG,original,OR
Not what I am accustomed to. The only reason I gave it 4 stars is because I just can,CG,original,OR
"Nice product & seller. Yes, it is a very thin plastic piece. However, the handle has",CG,computer-generated,CG
So good we bought the second set and they look just like the first one. I am not sure,CG,original,OR
Wonderful aroma throughout the house.  The only problem is that it's kind of hard to put,CG,original,OR
Received in no time flat.  I love the look.  My husband likes it too.,CG,original,OR
These are okay they are not as nice as the ones I got from my local store but they are,CG,original,OR
gave them away - thought it would be a good addition to my kitchen!  I am very,CG,original,OR
"Product is fine, wish it had an option to have a separate handle.",CG,original,OR
"Awesome is all I have to say, the materials are good, and the quality is decent.",CG,original,OR
Way too heavy for everyday use. The only reason I gave it 4 stars is because the one we,CG,original,OR
"Well made, works great.  We have had the wooden part of the cup for a couple of",CG,original,OR
Bought these to go with my old suction cups. I also love that they are removable and,CG,original,OR
Just as expected! Looks great and has the design to make it a nice place for the baby to,CG,original,OR
"Awful experience, everything stuck, cooked evenly. The only problem is that it's not really a",CG,original,OR
Does a great job of keeping the suction on. I also love that it doesn't slide.,CG,original,OR
"SHEET COLOR IS NICE BUY FOR MY SIZE FOR MY TOWN.
",CG,computer-generated,CG
Save $ on these instead of the original shipping box. I will keep my money!Very pretty.,CG,original,OR
"These towels are real nice, and I love the feel of them.  They have a nice feel",CG,original,OR
"Works great, easy to clean, and easy to clean. I will be purchasing more!Very pretty",CG,original,OR
"Alright for the price,but was a little disappointed with the quality of the product.",CG,original,OR
"Great quality, beautiful color.  We have had the same one for a few months now and love",CG,original,OR
I put paper in one corner of the cabinet and put a piece of paper in the other corner.,CG,original,OR
Great stickers but a little small. The only reason I gave it 4 stars is because the one in,CG,original,OR
Great quality and the fabric looks great.  It is thick enough to hold a small amount of coffee,CG,original,OR
Perfect. They do exactly what I need them to do. I will keep them for a long time,CG,original,OR
Love this movie & the time it took to finish. I will keep my review for the next time,CG,original,OR
"Will not seal properly. Atrocious little ones, they feel like they will break if you throw",CG,original,OR
Got these for the third time.  I have a small dog and my son loves to throw them,CG,original,OR
Excellent product and a much better quality than the one you get at Walmart for $50.,CG,original,OR
"These are just perfect, exactly what I was looking for.",OR,original,OR
Such a great purchase can't beat it for the price,OR,original,OR
What can you say--- cheap and it works as intended.,OR,original,OR
"These are so nice, sturdy, like the color choices too.",OR,original,OR
It is nice bowl and have had a fast shipping!,OR,original,OR
Great cup. Will last forever. Keeps things cool / warm.,OR,original,OR
"Love them, just thought they would be a bit bigger!",OR,original,OR
Excellent quality product. Perfect for my ccozinha.,OR,original,OR
This fan is really pretty and I actually use it.,OR,original,OR
"Super rough, not soft wash cloths, more like bar towels",OR,original,OR
Like this little guy. Use it often. He is small.,OR,original,OR
Perfect size .easy to unfold. Topremoves for storage. Love this.,OR,original,OR
Does not do a very good job; difficult to use.,OR,original,OR
frame was beautifully crafted and looks great with my picture.,OR,original,OR
My hot cocoa is finally perfect! This product is fabulous,OR,original,OR
i bought this for a friend and he loves it.,OR,original,OR
Very soft and great quality for such a low price!,OR,original,OR
Purchased as a Christmas gift.  She will love it.,OR,original,OR
"accurate description, works great, came on time, i'm very happy!",OR,original,OR
Use it in my Duvet cover. Fluffy and perfect fit!,OR,original,OR
One of the softest blankets ever. So nice and cozy.,OR,original,OR
"Smells great, and the fine mist dries quickly. My favorite.",OR,original,OR
Exactly what I was expecting. perfect curtains for my bedroom.,OR,original,OR
Just what I wanted to hang my pants and skirts.,OR,original,OR
"It's kind of small, we were looking for something larger.",OR,original,OR
A little pricey for what it is.,OR,original,OR
works great & the charge kept up all day long,OR,original,OR
This is a nice quality frame at a good price,OR,original,OR
"Does the job, but nothing special. Not hard to install.",OR,original,OR
Item as described and arrived in a timely manner.,OR,original,OR
Bought 2 and sent one back because it didn't work,OR,original,OR
"Made well holds all my make brushes, pencils, mascara etc.",OR,original,OR
"sheds all over, would not buy it ever again. blanket.",OR,original,OR
"Works great, it's Pyrex, I'd expect nothing less from them.",OR,original,OR
"we like this little opener, real easy on my hands.",OR,original,OR
Perfect. Love everything about them. Look great in my kitchen.,OR,original,OR
air tight and it works great glad i got it,OR,original,OR
Very cute and good quality fabric. Zippers worked well too.,OR,original,OR
These were great to send my grandkids their Halloween treats,OR,original,OR
Save a ton by using these instead of paper towels!,OR,original,OR
These are so weak. They barely bring in any air.,OR,original,OR
"Great set of glasses!  Good quality, comfortable to handle.",OR,original,OR
It feels cool to the touch but is super hard.,OR,original,OR
"So cute, made well my grand daughter will love this.",OR,original,OR
Works as expected for connecting CCTV power supply to cameras.,OR,original,OR
Very Soft ! Definitely better quality than I was expecting.,OR,original,OR
Nice and contemporary. Great for the price. Easy to assemble.,OR,original,OR
Super cute and appears to be great quality! Highly recommend!,OR,original,OR
These are really cool actually.  My boyfriend loved them.,OR,original,OR
Bought as a gift for a cousin.  Very nice.,OR,original,OR
Stopped working after one use still waiting on my refund,OR,original,OR
cute and reasonably price. I am happy with my purchase.,OR,original,OR
Well received and comfortable. Gave as gift to dialysis patient.,OR,original,OR
"do not expected to be so poor on quality ,",OR,original,OR
Easy to review. The kid DDS love them!  Thanks,OR,original,OR
"Really ruff under your feet, it feels very sturdy. I will keep my feet in the chair",CG,original,OR
Order to place special photos on the wall.  We've had it for a couple of weeks and,CG,original,OR
"baby like it! Thermal insulation helps to keep the food warmer.

The thermal insulation helps keep",CG,original,OR
"I like it, just wish it had more wide opening. I also love that it's been made",CG,original,OR
I love pyrex quality and this set is the best. I will be purchasing more in the future,CG,original,OR
"Perfect for additional storage and convenience. The only problem is that it's not really a vacuum, but",CG,original,OR
These smell great! I'm pretty happy with the quality and quality of this product!This is a,CG,original,OR
The turquoise is almost neon. It's a very bright pink.,CG,original,OR
"Easy to hold, and the material is nice and thick. I will keep my shelves in order and",CG,original,OR
"Works great for chocolate, yogurt, or any other fruit. I also love that it's removable and",CG,original,OR
Love it. I think I will buy more.Very nice set of knives!  I have one,CG,original,OR
Nice small ottoman that does what it should.  Not too big or too small. ,CG,original,OR
they look great in my kitchen. The only problem is that it's kind of hard to put the,CG,original,OR
Bought this as a Father's Day gift and it's just what I needed!  I love,CG,original,OR
"Great for winter months, very soft and comfortable.  I've slept on this for about a week",CG,original,OR
Nice soft sheets but I find it difficult to put them on a bed that is too warm and doesn,CG,original,OR
"This is a beautifully made, sturdy, and very comfortable chair.  It is very comfortable and functional",CG,original,OR
Need to buy two to go with the wide wooden legs of the bedding. I have one in,CG,original,OR
Very nice and sturdy. I use it as a long-term storage container for my small bags of,CG,original,OR
"Just as good as original-type containers, the wooden handle is smooth and solid, the handle fits",CG,original,OR
"Excellent, the grill looks very nice. The only problem is that it's not really a vacuum,",CG,computer-generated,CG
"Nice large, sturdy canvas tote, and it's lightweight and comfortable.",CG,original,OR
Good quality and good price. I love the look and feel of this pillow.,CG,original,OR
"I ordered the light blue, and it arrived with a very small opening.  The yellow was just",CG,original,OR
Purchased as a gift!  We have had this one for two months now and it's,CG,original,OR
Very good price for product!I have had this for a few months now and have used it every,CG,original,OR
"Gets all the shampoo &/or conditioner you want, and I will keep my shower in",CG,original,OR
This is a mini-chair! Not a real chair. It is a full chair that is comfortable,CG,original,OR
Happy with my purchase.  We have had the same mattress for a few months now and this one,CG,original,OR
Works great to keep light on. The only problem is that it's kind of hard to put the,CG,original,OR
"Bought for son in college, and he loves it!Very good quality.",CG,original,OR
"Terrible, complete waste of money. Not a whole lot to say.",CG,original,OR
It looks very nice in my bedroom and the materials are good.  I have a large one and,CG,original,OR
Easy to put together and looks nice and the finish is good.  I have a large one and,CG,original,OR
Just what I expected!!! Made a real difference in the quality of my kitchen!This is a pretty,CG,original,OR
"I'm so glad I got this set, as it is a great deal for the price! ",CG,original,OR
"Do the job, are adorable, and have the quality to make them a nice addition to the kitchen",CG,original,OR
Too much work.  This is an easy way to make a smoothie that is perfect for the,CG,original,OR
Just okay. Did not fit my containers well. We love this blanket.,CG,original,OR
"As far as little plastic, it's fine, but I'm not sure how well it will hold",CG,original,OR
"So nice, was a gift for a friend. We love this blanket.",CG,original,OR
Skinnier than I thought. But it has the quality and design of a lot of other products,CG,original,OR
Very quick shipping and excellent customer service.  Great value for the money!This is a great little,CG,original,OR
"Works great, this design makes it easy to hang and it is a nice size for the size of",CG,original,OR
Perfect! Works in your oven and has the right height. I also love that it's removable and,CG,original,OR
"Service was great, can't wait to try it out!Very good quality.",CG,original,OR
Arrived quickly and is the perfect size for the long haul.  I also have a large one,CG,original,OR
"CHEAP CHINA.  Not a big deal, but it is a little pricey for a",CG,original,OR
Gave to Mother as a gift. The quality is good but it's not really the best one,CG,original,OR
"Great for spices but not for anything else.  Not good enough.Nice, sturdy, and functional",CG,computer-generated,CG
My car smells no different after 3 weeks.  Snake oil.,OR,original,OR
This pillow cushion is well constructed and easily washed. Very comfortable.,OR,original,OR
Haven't used the big ones but the small ones work great!,OR,original,OR
Takes out the mystery of when my meat is finished cooking,OR,computer-generated,CG
Its nice to have an organizer large enough for the utensils.,OR,original,OR
Works perfectly.  Easy to put in your art and hang.,OR,original,OR
Great little rug!  I'd buy it again in different colors.,OR,original,OR
Holds some gift wrap but not longer tubes which is disappointing.,OR,original,OR
Belts never last long enough but this seems to work okay.,OR,original,OR
"Such a great price, less expensive than renting & great quality",OR,original,OR
Good for the price but doesn't soften up much after washing,OR,original,OR
I love these sheets!!!!  Goes great with my star quilts,OR,original,OR
Great mug - bigger than I thought it would be too!,OR,original,OR
I gave this as a gift and my daughter loves hers.,OR,original,OR
These are great!  Great space saver in our laundry room!,OR,original,OR
Very flexible leading edge not quite as helpful under all conditions.,OR,original,OR
bottom will not stay on.....zero customer service  do not buy,OR,original,OR
"Very nice, elegant glass and does improve the taste of wine.",OR,original,OR
excellent product if you are a side sleeper this is perfect,OR,original,OR
When there not in the oven they make great place mats,OR,original,OR
love it  it is so cute in my new bathroom,OR,original,OR
Exactly as pictured! Sturdy and perfect for baking and cooking needs!,OR,original,OR
Top notch artistry done on this bust from grand jesters studios.,OR,original,OR
Love these and I get many comments on this spoon :-),OR,original,OR
"Did not expect this table to  be this nice, Thanks",OR,original,OR
Great product. Arrived on time and matched my shower curtain perfectly.,OR,original,OR
a nice secondary vacuum for small apartments and reaching tight areas,OR,original,OR
"Good size, good value for money. Looks great in my bar.",OR,original,OR
"Somewhat hard to clean, not as convenient as I had hoped.",OR,original,OR
Works Great with all my battery candles of the same brand.,OR,original,OR
Ok pillow kind of too hard and firm not very soft,OR,original,OR
"Perfection. Beyond easy to use, minimal effort, fast and perfect froth.",OR,original,OR
Love this item. I smile every time I I use it,OR,original,OR
Fleece blanket is cozy warm. It was exactly what I wanted.,OR,original,OR
Noticed today top I'd bubbling up where a glass was set,OR,computer-generated,CG
Great for weighing in lbs and oz not grams. Fast shipping.,OR,original,OR
These were great. I just had to order a longer size.,OR,original,OR
Nice sticks; used these for almost every meal; good for PHO.,OR,original,OR
This is one of the best things I have ever bought,OR,original,OR
Love it but too small.  Would love in larger size,OR,original,OR
"Perfect for my candy buffet, and it will certainly be multipurpose.",OR,original,OR
Works perfect. Use this for my EV cord in the garage,OR,original,OR
Do not waste your money.  It broke after one month.,OR,original,OR
"A little tacky, but on the shelf in the spare bathroom.",OR,original,OR
Helps cool my memory mattress a little but not a lot.,OR,original,OR
This is perfect. I wish I would have ordered it earlier.,OR,original,OR
"Excellent packaging, Fast shipping , super quality for the right price.",OR,original,OR
Good mix - my favorite is still the Goloka Nag Champa,OR,original,OR
Just what the bride wanted came out nice with the engraving.,OR,original,OR
"The color slightly different than I got,the website pictures looks better.",OR,original,OR
"Really great, soft and warm. I love the feel of this blanket.",CG,original,OR
"LESS THEN 1 YEAR OLD, BUT NO MORE!!  I've had mine for 2 months now",CG,original,OR
"It's a pint. And it's a pint, too.

It's also a pint",CG,computer-generated,CG
Perfect for what I needed. I love the look and feel of this pillow.,CG,original,OR
Bought this just to pick up an old mattress and it was a nice piece of equipment. ,CG,original,OR
the plastic rings either gone or destroyed the pieces.  I will keep my old ones as gifts.,CG,original,OR
"Nice just more trouble then it looks, the finish is a bit thin, not the best quality.",CG,original,OR
Great Seller. Item just like it.Great quality and just what I needed for my kitchen! ,CG,original,OR
Very cute. Go with what you have. Not too big or too small.,CG,original,OR
looks high end and feels nice. The only problem is that it's kind of hard to put,CG,original,OR
"This mug is VERY nice.  I love the look and feel of it, and the size and",CG,original,OR
It works really well it looks great and the materials are good.  I have a large one and,CG,original,OR
Ordered this as a gift and it arrived on time. I will keep my review for the next,CG,original,OR
Beautiful calming light. Not sure what it is. We love this blanket.,CG,original,OR
I like the clock although it has the design flaw which is that it is a little hard to read,CG,original,OR
Exactly as advertised. Better quality than the original. We love this blanket.,CG,original,OR
Perfect solution to sorting his messes and the tools. I also love that it's removable and can,CG,original,OR
"very cute item, going to go with the wide wooden legs for a nice dinner table.",CG,original,OR
Beautious!  The perfect wall clock.  It's a good size and looks great in my,CG,original,OR
Just OK. Am buying a second set.I love these containers.  They work well and look,CG,original,OR
Great comforter especially when you are on the go.  I will keep my shelves in order,CG,original,OR
"It's nice, fit just right, and the quality is good.

The only reason I",CG,original,OR
These are very nice mugs.  They are very long and fit nicely on my shelves. ,CG,original,OR
Easy to assemble.  Arrived on time and as described.  My husband and I have been,CG,original,OR
I bought one for my daughter and it was very comfortable.  She also loves the way the bed,CG,original,OR
Wife love s it. Packed it with the pieces and it was perfect.,CG,original,OR
I love CrockPots that is perfect for the wide variety of containers.,CG,original,OR
I hang it myself and it looks nice.  I've also used it for a few hours.,CG,original,OR
"Using my second set of glasses, I thought they would be a nice addition to the kitchen. ",CG,original,OR
Big mirror that fits perfectly into my cabinet.  I've also used this for a few years.,CG,original,OR
Pretty good!  quite a few of the pieces are just too small.  I would recommend them,CG,original,OR
This is the second one that I have bought and it is a nice piece of equipment.,CG,original,OR
"Perfect size for hanging wreath, an easy to use and efficient way to make a small wreath",CG,original,OR
"I ADORE these bowls, can't wait to make the next batch of cold drinks!This is",CG,original,OR
They work great. I also use it as a measuring cup for measuring cupcakes.,CG,original,OR
Nice fit in the hand.  I love the feel of the fabric.  The colors are just,CG,original,OR
Great for the price!  We have had this for a few months now and have used it every,CG,original,OR
I bought these for bottling wine.  I love them.  I also like the fact that,CG,original,OR
Good padding and nice quality.  I love the feel of the fabric.  I would buy again,CG,original,OR
I love this popcorn machine!  I love the popcorn and I will keep my popcorn in this one,CG,original,OR
Nice but the size of the containers is a little small for a cup of tea.Very pretty.,CG,original,OR
Much easier to use Can't go wrong with this product. I will keep my review for the next,CG,original,OR
Great can opener that looks nice on the countertop. I will keep my opener in the drawer.,CG,original,OR
"love it, just wish the handle was more wide. Very good quality.",CG,original,OR
seems to have a defective seal. The only way to fix it is to just throw the container,CG,computer-generated,CG
works great. But boy do I love the fact that you can't just turn it off and off,CG,original,OR
"These are sturdy, snap into place, and are very comfortable.

The only reason I gave",CG,original,OR
"These have worked out so well. The only problem is that they are small, and the one I",CG,original,OR
"Great color and feel, very soft and great price.
I would recommend it.",OR,original,OR
Very small but works if you don't have a lot of space.,OR,original,OR
Burns the hell out of my hands. Doesn't work at high temps,OR,original,OR
Works so fast. replaced the one I broke.,OR,original,OR
This shower curtain is beautiful. Nice fabric. Looks great in my bathroom.,OR,original,OR
Use it at work with our staff of 5. Holding up well.,OR,original,OR
Great mug! Husband says it is one of his favorites.,OR,original,OR
Worked out great for the small space I had in my closet!,OR,original,OR
"Was a gift, so don't know how it is. It is beautiful.",OR,original,OR
"This product actually works. Tried before and after use, definitely a difference.",OR,original,OR
Very happy with the quality of the merchandise and the speedy delivery.,OR,original,OR
"American made! Love that, now I just need the matching measuring cups",OR,original,OR
Not enough for a whole pie. Would need two or three sets.,OR,original,OR
Very impressed with the quality. Its a great size bag and durable.,OR,original,OR
Does what it is suppose to do. Hot water in a flash,OR,original,OR
"fantastic goblet, can store a lot of fluid like wine and beer!",OR,original,OR
Doesn't get warm even after sitting on it for hours.,OR,original,OR
I can't believe the low price for such quality!  Love it!,OR,original,OR
This is a reorder. Rated before whwn originally purchase.,OR,computer-generated,CG
Makes a good cup of coffee and takes any of the cups,OR,original,OR
I ordered this for my husband...he loves the set...especially the noodle strainer:),OR,original,OR
Plastic threads in the socket and the bulbs sent do not fit.,OR,computer-generated,CG
Nice. haven't totally unpacked it yet. is a gift. Styrofoam all over the place.,OR,original,OR
don't last long if you pull it along but otherwise it's ok,OR,original,OR
Exactly what I was looking for.  Love that they are clear.,OR,original,OR
These are great toilet brush holders. Sleek design and appear well made,OR,original,OR
Excellent service; arrived quickly and as promised. This is a lovely lamp.,OR,original,OR
I loved this! Small little cookie cutter - does its job perfectly.,OR,original,OR
"Makes keeping track of shoes easier, up off the floor and visible.",OR,original,OR
Wonderful product.  Shipped promptly.  Ordered about ten sets a gifts.,OR,original,OR
"very slow toasting, my rye bread becomes rock hard before it's toasted.",OR,original,OR
"I do find it a bit too soft, but overall it's ok.",OR,original,OR
I bought 10 of them and one of the corners was broken.,OR,original,OR
"I want more
The perfect pasta,cereal,ice cream,soup bowl ever perfect size for cereal",OR,computer-generated,CG
I love the Blue Air product and these filter covers are awesome!,OR,original,OR
Love it! Good quality and nice soft night light and noise variations,OR,original,OR
worked OK the one time before it fell apart and became unusable,OR,original,OR
Is s good strong suction vacuume. World's good an the carpet also.,OR,original,OR
Nice floral. no dead heading and no watering.,OR,original,OR
The lghts work beautifully and are very bright.,OR,original,OR
Worked for my rum infused chocolate covered strawberries and molded chocolate hearts.,OR,original,OR
The shells are beautiful and just what I'm looking for.  Thanks.,OR,original,OR
"Good quality, great price.  A tad loose on my 15"" mattress.",OR,original,OR
very sturdy and a great addition to our eat in breakfast nook.,OR,original,OR
"Classic, sturdy and functional.  Perfect for keeping honey at room temperature.",OR,original,OR
"Wonderful!!!!! Great size, throw them in the dishwasher - these area GREAT!!!!!",OR,original,OR
This one came to me broken!! The handle was a broken piece!,OR,original,OR
"Sturdy,  holds all my Camis and makes them easy to access.",OR,original,OR
Beautiful shower curtain. Just what I wanted. Looks good in my bathroom.,CG,original,OR
I have used these containers for a couple of weeks and I really love them. I have one in,CG,original,OR
Love the way the top holds the suction cups. I also love that the suction cups are,CG,original,OR
"Love the candles...have ordered more...also, have had the candles burn for a couple of weeks",CG,original,OR
"Used as a white elephant, it's just too thin for my liking.",CG,original,OR
My daughters loves it!  We have had it for a few months now and it's been great,CG,original,OR
"For a single cup of coffee, you can feel the coffee taste fresher, the coffee tastes lighter",CG,original,OR
Not what I expected my old ones to be. I will keep them for the future.,CG,original,OR
unpacked and used as soon as it arrived.  I was a little surprised how well this one,CG,original,OR
"Very flimsy for blackout curtains. Not an easy task to put together. Also, the dimensions are",CG,original,OR
"A standard christmas present for a friend, she loves it.

The only reason I gave",CG,original,OR
"Looks fantastic in my guest room. The only problem is that it's not really a vacuum, but",CG,original,OR
So easy to put up!  I love the look and feel of this pillow.,CG,original,OR
I absolutely love it.  We have had it for a few months now and it's been great,CG,original,OR
"Fits my 32 oz. Ozark, and I love the fact that it comes with a small",CG,original,OR
Such an amazing product and looks amazing in the kitchen. I will definitely buy again!Very pretty.,CG,original,OR
Perfect size for eggs for a couple of reasons.  I need a lot of egg whites and they,CG,original,OR
"Great straws - very durable and will last a long time.

The only reason I gave",CG,original,OR
Does the job but thinner than a professional blender?  I will say that it's a pretty good,CG,original,OR
Nicely made.  Great for keeping an open space on a shelf.  Very well made.,CG,original,OR
Fits well and seems to last a long time. Very good quality.,CG,original,OR
"I love this, perfect for what I need.  I've had mine for a couple of years",CG,original,OR
"they look pretty, will see some wear and tear on them but overall they are just the right size",CG,original,OR
Excellent product - my second. I love the look and feel of this pillow.,CG,original,OR
so ergonomically correct are these.  The only problem is that they are not really the same,CG,original,OR
"Mom loves it and is perfect for the summer.Very good quality.Nice, sturdy, and sturdy",CG,original,OR
Tiny spatulas. Unless you are using a professional spatula you will need to make sure the,CG,original,OR
"Purchased for my 10-year-old daughter, who has arthritis in her hands. ",CG,original,OR
"Easy to set up, sturdy, and easy to clean. I will be purchasing more!Very pretty",CG,original,OR
"Still a good product after reading a few reviews.Very good quality.Nice, sturdy, and functional",CG,original,OR
I use these bags to store containers and they are very thick and sturdy. They are very easy to,CG,original,OR
I thought this would be a good addition to my kitchen.  I also have a large kitchen.,CG,original,OR
"Complements different color schemes, that are more vibrant and more comfortable.",CG,original,OR
"Softer than my more expensive, more expensive, more expensive model, I'm just not sure how",CG,original,OR
I put the bottles of wine in the freezer and they are still fresh!  I have one in,CG,original,OR
"Small and compact, this travel mug has the design and design of a travel mug.",CG,computer-generated,CG
Works like a charm. Item looks great and the materials are good.  I have a large one,CG,original,OR
Love it use it daily and it is the best. I will keep my review.Very pretty.,CG,original,OR
"Item exactly as described,  and it arrived with a very good seal.  The dimensions are just",CG,original,OR
does great on pug dog treats.  It's a good size and the lid is strong enough,CG,original,OR
Does not fit my husbands bed.  It's just too small.  I would order one.,CG,original,OR
This is not what I wanted. The quality is just what I wanted. The dimensions are just what,CG,original,OR
"Very comfortable and helps my wrists. The only problem is that it's not really a vacuum, but",CG,original,OR
"Don't waste your time buying this set, they are just too thin and need to be cleaned every",CG,original,OR
"I wish I had bought this sooner, but it is a great product for the price!  It",CG,original,OR
Wish these were thicker. The cute polka dots pretty much disappear after baking.,OR,original,OR
The hooks are great for hanging stars from my ceiling! And great price!,OR,original,OR
Returned and exchanged twice now. Base broken every time. Over it.,OR,original,OR
"This knife is very sharp, be careful. Worked perfect for what i needed.",OR,original,OR
"Nice to travel with, taking them to Italy where ice is rather scarce.",OR,original,OR
If their handles were a bit thicker/stronger they will be a great product.,OR,original,OR
Do Not buy!! Quit working less than 2 months after it was purchased!!!,OR,original,OR
not as sturdy as i had expected. wobbles. it does the job though.,OR,original,OR
the blue color is much better than on picture. Good price and quality.,OR,original,OR
The knob from the end of the rod broke. Not good quality product.,OR,original,OR
They hold up my clothes. The yellow stuff doesn't rub off. Good hangars.,OR,original,OR
A little shorter then i expected but will try it out next christmas,OR,original,OR
"Love these sheets they are soft, cotton feel fit our king waterbed .",OR,original,OR
"as others mentioned - cord kinda small, and the hose is kinda stiff.",OR,original,OR
Got this for my daughters new place.  She seems to love it.,OR,original,OR
These were really fun for an Alice and Wonderland themed party.,OR,original,OR
This is a beautiful table runner and looks great on my antique table.,OR,original,OR
"Worked as expected, good price. Not much to say about a balloon weight.",OR,original,OR
"Nice and easy to assemble, it serves it's purpose both functional and aesthetically",OR,original,OR
These are so useful and attractive.  They made my old knives obsolete.,OR,original,OR
Works great and less than the shark brand! wiil and have bought again,OR,original,OR
This is exactly as advertised. Does. To get moldy.  Easy to clean.,OR,original,OR
Nice design great speed .. It worked excellent for my home made tamales,OR,original,OR
"Smells good, but it was broken and the glass is  cracked bad.",OR,original,OR
I was sent a soap fish that looked nothing like the pictures cattie.,OR,original,OR
"Great product, does it's job well holding my lunch several days a week.",OR,original,OR
"Cute lunchbox, great for preschooler. Fits plenty of food and easy to clean.",OR,original,OR
Nice quality. I bought this to be used with my Solo Campfire Stove.,OR,original,OR
Can't beat this time tested design.  Easy installation... highly functional ...priced right.,OR,original,OR
"In terms of overall durability, they're great, but they do scratch very easily.",OR,original,OR
"So far, so good! And no weird smell, unlike so many plastic liners.",OR,original,OR
Fantastic design. No debris falls out with the ends designed as they are.,OR,original,OR
Nice size.  Fits perfectly.  Love the added organization  they provide.,OR,original,OR
I use this pot for most everything!  This is my second purchase.,OR,original,OR
Very pleased with the product. Arrived in a timely manner. Exactly as shown.,OR,original,OR
Great for the mudrooma and as a towel rack and other wonderful projects.,OR,original,OR
SOOOOOOO cute. I love them. Adorable. Well made and totally worth the price!!,OR,original,OR
I got these as a gift for my son.,OR,original,OR
"Hygienic and great looks, what else do you want from a toilet brush?",OR,original,OR
I have this on my bar for rimming salt for margaritas. Looks sleek.,OR,original,OR
Returned because I thought I was ordering the bed and not the trundle,OR,original,OR
"This clock is large, easy to read, inexpensive, and gets the job done.",OR,original,OR
great tool ....my knives are a sharp as when I purchased them new,OR,original,OR
Super cute & great price! Have it in the blue and white too!,OR,original,OR
"Bought as a gift for my daughter, seems to be a great buy.",OR,original,OR
Very good buy for the price. The only problem is that it's kind of hard to put the,CG,original,OR
Doesn't fit queen bed. The material is too thick and thin for a queen bed.,CG,original,OR
GREAT PRODUCT... HAVE HAD CORELLE FOR YEARS!!WONDERFUL PRODUCT!,CG,original,OR
"Keep cold drinks cold, hot drinks hot, cold drinks hot.

The only reason I gave",CG,computer-generated,CG
It was as exactly decribed as it was shown on the picture.  The actual dimensions are just,CG,original,OR
"Not only does this ottoman look nice, it's comfortable and looks nice on my countertop",CG,original,OR
"The glass is wonderful, the colors are vibrant and the design is a nice touch.",CG,original,OR
I bought this as a gift for my daughter and she loved it.  It's been a great,CG,original,OR
Great Product & Service. I use it everyday.Very comfortable.  I love it!Very pretty,CG,original,OR
"These curtains weren't as wide as I expected.  I was expecting a tighter curtain, but the",CG,original,OR
"Easy to use. Pie edges are a little thin, but I will keep that in mind when making",CG,original,OR
"Totally works for me, I use it everyday. It is very easy to clean, I have",CG,original,OR
"The colors are good and look good, the materials are good, and the quality is good.",CG,computer-generated,CG
It's so amazing how it looks on the wall.  I will keep it for a long time,CG,original,OR
"These knives aren't only nice, they're also very sharp.

The blade is sharp and",CG,original,OR
I love this set! It looks great and the colors are vibrant.  I have a large collection,CG,original,OR
"Great cupcake holder. Looked nice and sturdy, but the instructions are a little misleading.",CG,original,OR
My wife has been making cookies for the last two years and she's happy with the way she's,CG,original,OR
The pillow is excessively firm.  I have an older version of this pillow that is a little larger,CG,original,OR
I grow my own spices and herbs and they are just what I needed for my kitchen.,CG,original,OR
High Quality. Works well. Solid material. The only problem is that it's not really a vacuum,CG,original,OR
Handled heavy pans without tipping.  The only problem is that it's kind of hard to put,CG,original,OR
"Look nice but is too small for my liking.Very good quality.Nice, sturdy, and functional",CG,original,OR
Just Stunning! Clean and Modern. We have had this for a few months now and have been,CG,original,OR
really l;ike this item.  We have had it for a few months now and it's,CG,original,OR
Perfect for my white desk. I love the look and feel of this chair.,CG,original,OR
Gorgeous industrial feel. Easy to use. The only problem is that it's not really a,CG,original,OR
Exactly as described. Purchased as a gift and the recipient loved it.,CG,original,OR
These are a nice size and a nice quality.  I will keep them for the next couple of,CG,original,OR
Knives look well in the kitchen. The only problem is that it's not really a strong one,CG,original,OR
Very pretty and the size is perfect.  It is thick enough to hold a small person and is,CG,original,OR
Used this on my mattress and it kept the sheets comfortable.  I also have a mattress that is,CG,original,OR
COMFORTABLE BUT MADE FOR A LOT OF USE!!  I've had mine for a couple,CG,original,OR
"So far, this thing has been a great addition to my kitchen.  I have a large kitchen",CG,original,OR
Fit well.  Not as thick as the ones we have but it's still a very nice one,CG,original,OR
"These icetrays really are easy-release, and have the design to make them work.
",CG,original,OR
"The scale is not accurate, it is just a bit too large.

The scale has a",CG,original,OR
I use this for doing some laundry and it's a good size.  It's been a couple,CG,original,OR
"These sheets are very thin, and have a wide opening. I will be purchasing a different size for",CG,original,OR
"These are exactly what I needed. The only problem is that they are small, and the one I",CG,original,OR
Loved it. Stopped working within a week and the only thing I did was turn it off,CG,original,OR
"Love it, and so will my wife and I. Very good quality.",CG,original,OR
"Make sure you follow,the directions are very easy to follow. I will keep my review for the",CG,computer-generated,CG
"The cushion works well for what it is intended to do.

The only reason I gave it",CG,original,OR
doesn't last very long. you can only burn so long before it won't float.,OR,computer-generated,CG
I use to make beer can chicken on the smoker.  Cleans up easily.,OR,original,OR
"Soft, soft, soft.  We love them.  We would order again without hesitation.",OR,original,OR
Perfect small scale! Easy to use and compact size makes it convenient for travel.,OR,original,OR
I love this pitcher! Perfect for tea and it doesn't drip all over everything!,OR,original,OR
every bit as good as the name brand; do not hesitate to get these!,OR,original,OR
Perfect size for my kitchen.  Easy to assemble. Very happy with this cart!,OR,original,OR
Didn't really help make a difference.  Must be time for a new robot,OR,computer-generated,CG
These hooks are gorgeous! They really add an elegant touch to my shower curtain.,OR,original,OR
"Love the color. Love that it is lightweight.
The bowls are much larger than expected.",OR,original,OR
"This item's bulky for a small apartment counter top, but works like a charm!",OR,original,OR
"Love, love, love this coffee maker. It is the perfect size for my RV.",OR,original,OR
Works well even when only partially submerged. Makes frothing easy for beginners like me.,OR,original,OR
Went together OK and looks good in the corner. The color is very dark,OR,original,OR
You rarely have to use the AC if you live somewhere with no humidity.,OR,original,OR
"GIFT FOR HUSBAND, HAS SHARPENED EVERY KNIFE IN THE HOUSE. WORKS WELL, NO PROBLEMS",OR,original,OR
"These are nice towels. Absorbs well.
Getting ready to see if they come in gray",OR,original,OR
Nice product have not had much experience with this thing the roller is awesome..,OR,original,OR
Plastic a little flimsy but it does hold many photos and keeps them safe,OR,original,OR
This knife sharpener works really well I also sharpen my sewing scissors with it,OR,original,OR
This product is sturdy and has a nice design.  Will last and last.,OR,original,OR
Decent for the price. I am using it behind my love seat...so it works.,OR,original,OR
"Definitely not water proof but worth the price, keeps the dust and dirt away.",OR,original,OR
Very nice but you have to be careful in handling. The edges crack easily.,OR,original,OR
Had a mismatched header vs bed frame.  This worked great! Have recommended since!,OR,original,OR
It was a gift for my daughter and she said it really works well.,OR,original,OR
"kind of cheap, really thin metal, does the trick.
Exactly what youd expect for $1.99.",OR,computer-generated,CG
"Love this product, wish it had built in razor for cutting, otherwise I'm happy",OR,original,OR
cute - my granddaughter is 3 & has it in her play kitchen set,OR,original,OR
A gift for my granddaughter after she saw mine and we both love them.,OR,original,OR
This worked great for my skin and my hair! Definitely recommend it to others!,OR,original,OR
"Simply put, they are fantastic.  Very happy with my purchase!  Thank you!",OR,original,OR
"Easy to cut, let the right amount of light in and keeps peepers out.",OR,original,OR
My wife and I put this together rather quickly and it looks really good!,OR,original,OR
Good price and they look lovely on my windows.  I've gotten many compliments.,OR,original,OR
These are great. The mounts hold the bottle well and they come out easy.,OR,original,OR
all the carts I got where well worth the money I paidi for them,OR,original,OR
Enhances the mood while purifying the air. Doubles as a beautiful night light too!,OR,original,OR
DON'T BEND THEM OR THEY WILL SPLIT.  THEY NEED TO BE MORE RESILIENT.,OR,original,OR
Doesn't get any better than this.  Outstanding quality.  Just the right size.,OR,original,OR
these frames were awesome for the price. love the mat that is included.,OR,original,OR
Excellent!! My husband also uses it to find tiny bolts dropped on the carpet...,OR,original,OR
"Excellent mug, great detail, just as pictured and just as described, works as expected",OR,original,OR
This seems to work pretty well - though it could be a bit bigger.,OR,original,OR
cleaned my knives real fast and it was a breeze. I will keep my knives in the drawer,CG,original,OR
Beautiful little set!  Nice colors.  Love the colors!  Love that they are bright,CG,original,OR
This simple tool is awesome. I love the feel of the handle.,CG,original,OR
Nice little cooking pot.  We have had it for a few months now and have used it every,CG,original,OR
Worked for awhile. Lasted only a couple weeks. Wife loved it.,CG,original,OR
This is my 3rd steam kettle.  It has a good handle and is very quiet. ,CG,original,OR
I love this stand mixer.  The quality is just what I wanted and the mixer is just what,CG,original,OR
Great little gadget! Bought one for my daughter and she loves it. She also loves the way the,CG,original,OR
These sheets are so soft!  They are lightweight and comfortable.  I love that I can put,CG,original,OR
I love these containers. Easy to store and the long handle makes it easy to move around. ,CG,original,OR
Ive ordered this multiple times and it is the best. I will keep my review for sure.,CG,original,OR
Love it. Cleans  easily. Love it. Love it.,CG,original,OR
"Wife loves it, especially with the size and the long handle.

The only reason I",CG,original,OR
one panel had small chip marks on the bottom and a small scratch on the inside.,CG,original,OR
"I don't know what all the fuss is about, but I will say that it's a pretty",CG,original,OR
"A little pricey in the beginning, but after a few months it's still a must have for anyone",CG,original,OR
"It's working well so far. We have the wide wooden legs of a travel trailer, the upright",CG,original,OR
i liked this so much that I bought the second one for my husband for Christmas.,CG,original,OR
Beautiful heavy weight dining room rug. The quality is just what I wanted for my dining room.,CG,original,OR
"Bright, cheerful, Christmassy. Matching colors. Love the colors.",CG,original,OR
Love this!  Super cute and looks great on my countertop.,CG,original,OR
"Definitely not the highest quality, but I thought it would be better.",CG,original,OR
"I love this bell, it's perfect for the summer and stays put in the fridge for a long",CG,original,OR
"LOVE MY NEW CHAIR, IT IS PERFECT FOR EVERYONE TO BE IN THE P",CG,original,OR
"Love it! Would like more colors and quality.Very good quality.Nice, sturdy, and functional",CG,original,OR
Pretty self explanatory.  You can set the time and you can either turn it off or turn it,CG,original,OR
Very pleased with the HEMI containers and the quality. I will keep my shelves in good condition,CG,original,OR
They don't stick to the wall. The only reason I gave it 4 stars is because the one,CG,original,OR
Best tool for tile floors.  The only reason I gave it 4 stars is because I just can,CG,original,OR
"Without having to use the spout, the spout is a nice piece of equipment.",CG,original,OR
It is a little bit more expensive than the regular version but it works for me.Very pretty.,CG,original,OR
Wonderful lily leaves very realistic colors. The only problem is that it's not really a mesh,CG,original,OR
"Item arrived quickly and is perfect for the price.Very good quality.Nice, sturdy, and functional",CG,original,OR
Best pair of non-medical scissors.  The only reason I gave it 4 stars is because the,CG,computer-generated,CG
"Works very well and keeps the humidity at an even level.

The only reason I gave it",CG,original,OR
This is beautiful!  Great quality.  It's a good size and looks great in my kitchen,CG,original,OR
"Great looking and a great value. The only problem is that it's not really a vacuum, but",CG,original,OR
bought for my daughter in law.  She loves it.  She also loves the fact that,CG,original,OR
"These are great for food storage. The only problem is that they are small, so if you are",CG,original,OR
Gave as a gift to my wife and she loves it.  She also loves the way the,CG,original,OR
"Good basic set of cookware, but I thought it would be a nice addition to the kitchen.",CG,original,OR
"These are great, good set to buy but I added the couple larger pieces also.",OR,original,OR
"Obsessed. So adorable, they look like real plants. Made a perfect addition to our bathroom.",OR,original,OR
The picture was of my 7 qt cooker but I received a 6 qt bowl.,OR,original,OR
I'm very pleased with the quality and look of this set and the excellent service!,OR,original,OR
Just what I've come to expect in terms of quality. A brand you can trust.,OR,original,OR
"They work fine now for 6 months, would give 5 stars but recipes are horrible.",OR,original,OR
Would have been a 5 star had all the holes been sewn instead I'd grommets,OR,original,OR
For use at granddaughters college dorm bed.  She says it really improves her sleep.,OR,original,OR
In just about a month we've found this to be all we expected and more.,OR,original,OR
Great water filter. My ice maker made more clear ice than I'd even had before.,OR,original,OR
"Perfect step stool, so the kids and my Mom can get in my Jeep. ",OR,original,OR
Rice is cooked perfectly.  The size is great for my big family of boys!,OR,original,OR
My wife is studying South American Shamanism and she is very happy with this item.,OR,original,OR
Just what I was looking for and could not bet the price.,OR,original,OR
"I don't love this material, it doesn't feel sturdy and like it won't hold up.",OR,original,OR
Did not come with the rubber grip. Cup way to hot to hold without it,OR,original,OR
Using this from an year and no issues so far. very good and works wonders,OR,original,OR
Great price. Works well at filtering the sediments in my water. I will buy again.,OR,original,OR
"It was nice to be able to order just spoons for my set, great quality.",OR,original,OR
"Great product.  Stores all my blankets, pillows and winter clothes in neat small spaces.",OR,original,OR
Nice table but major pain putting together ... why so much for a small table.,OR,original,OR
"works like it's supposed to. No reason to hate, no reason to get all gushy.",OR,original,OR
Quality seems excellent. One of the few designs my wife and I can agree on!,OR,original,OR
the beater blade works great... we use this all the time over the stock beater,OR,original,OR
Quality is amazing. One of the rubber bands that go around the wheel was broken.,OR,original,OR
"These are great! Easy to clean, easy to nest in drawer for storage. Great product.",OR,original,OR
Love this pitcher. We have been making tasty infused water all summer with fresh fruit.,OR,original,OR
My husband and I love this - gives us so much room in the cabinet!!,OR,original,OR
"These chairs are absolutely the cutest, well made and look awesome with my nautical theme!",OR,original,OR
Dissatisfied regarding how cheaply made this is! Will be lucky if it lasts a year!,OR,original,OR
"Mmmm, best scent ever! Really fills the room and lasts a long time! Love it!",OR,original,OR
Perfect fit.  Great for when you want to store in refrigerator.  Good seal.,OR,original,OR
"Darn the light over powers the great look of the parrots, look better when off.",OR,original,OR
Thank GOODNESS for the zipper. All my other satin pillowcases slipped off my pillows CONSTANTLY.,OR,original,OR
These hold my quilting rulers very well!  Wish I would have found you sooner!!,OR,original,OR
Cap breaks easily with no replacement to be purchased. Now my Thermos bottles are useless.,OR,original,OR
Great quality! Love the colors. So glad I ordered this. Happy in Gilbert Az :),OR,original,OR
"Great item and would recommend to anyone.
Love Amazon Prime and the fast shipping on everything.",OR,original,OR
"For my use this is just right, single live alone fixens for one.",OR,original,OR
This is a cute little letter rack!  I love it. Well put together too!,OR,original,OR
The color on this was way more yellow than what I wanted. I returned it.,OR,original,OR
Perfect case for handpresso hybrid.  I love the look and feel of this one. ,CG,original,OR
"Good quality and nice price, especially for the price. Very good quality.",CG,original,OR
Been using this for a few weeks and the only thing I didn't like is the size of,CG,original,OR
I love this mixing glass!  I love the taste of the cold water!  I have one,CG,original,OR
"I love this clock, nice and bright and colorful.  I also love that it's been made",CG,original,OR
I bought it for a small house and it's just what I needed for my small home.,CG,original,OR
Really like the larger cutting board. The only problem is that it's kind of hard to find.,CG,original,OR
"Super nice, perfect for wine glasses. The only problem is that it's kind of hard to put",CG,original,OR
Best built product I have been using for years and using it all the time. I have one in,CG,original,OR
I haven't even had it yet. The only reason I gave it 4 stars is because I just,CG,original,OR
"Daughter loves it, the cloth looks nice and the finish is good.  I just wish the",CG,original,OR
Product is not of good quality. The pieces are thin and it's difficult to hold the cup.,CG,original,OR
Cute coffee mug. The battery lasts a long time and is very easy to clean.,CG,original,OR
Nice candles for all your home decor and decor needs. I will be purchasing more in the future.,CG,original,OR
"I'm not a tea drinker, but I thought it would be a nice addition to the kitchen",CG,original,OR
"Probably the best item purchased, and it is the best. I will keep my review for future posts",CG,original,OR
"Very cute but the plastic doesn't stick to the walls.

The only reason I gave it",CG,original,OR
Nice quality for the price.  The only problem is that it's kind of hard to put the,CG,original,OR
Worked like a charm making it an easy to use and efficient way to make cheese.,CG,original,OR
Love this pillow for my daughter.  She loves it.  She also loves the pillow and we,CG,original,OR
Wouldn't stay on the shower rack. It's just too small.,CG,original,OR
Very nice.  Has everything I need and the materials are good.  I just wish the one,CG,original,OR
Love the bright red. I use it as a night light for my bed and it's been great,CG,original,OR
"Love it!
Great fit on my kitchen counter top. Easy to clean.",CG,original,OR
These pillow cases are okay.  They are lightweight and comfortable.  I also like the fact that,CG,original,OR
Great value! I use these for containers and they work great for baking.,CG,original,OR
"great color better than the picture. The only problem is that it's not really a vacuum, but",CG,computer-generated,CG
Pretty Piece but mine came with a small hole in it for a hook that would fit through the holes,CG,original,OR
Good wine rack for the price. The only problem is that it's kind of hard to put the,CG,original,OR
"These look nice, but they are not the quality you would expect from a lot of the other brands",CG,original,OR
It is real wood. It looks real and the finish is good.  The only reason I gave,CG,original,OR
"Love these lids, so useful and easy to clean.  I will keep them for the next",CG,original,OR
"These are great, completely functional, and easy to clean. I will be purchasing more!Very pretty",CG,original,OR
This is great. Quick easy to assemble and the materials are good.  I have a large one,CG,original,OR
wonderful to be able to find an item with the instructions included in the box.,CG,original,OR
"These placemats spark learning time and an easy to use design.

The acrylic is strong",CG,computer-generated,CG
"very very pretty, but there are a couple of flaws. I will admit that I have been using",CG,original,OR
"Cant beat this fan for $60, but it is a little noisy, and the fans aren",CG,original,OR
"They're not super strongly magnetic, but they're very strong. I'm not sure how I would",CG,original,OR
Good heavy duty pan.  We have had it for a few months now and have not had any,CG,original,OR
Was part of a gift for my Downton-Abbey loving friend - it was a huge hit!,OR,original,OR
"Exactly as pictures, holds a good bit of fruit up And comes with the ceiling mount.",OR,original,OR
"Getting ready to move.  Perfect assortment of bags for clothes, winter stuff, blankets, pillows, etc.",OR,original,OR
I love it.  Looks great and very easy to install. I installed it myself ;),OR,original,OR
Absolutely beautiful.  This is the second order from this company.  Couldn't be more satisfied.,OR,original,OR
My son used this over Thanksgiving. It said it works very well and made carving easy.,OR,original,OR
Love this.  Accurate and very fast.  My cooking has been elevated a few notches.,OR,original,OR
It's bigger than I thought it would be. But it arrived quickly and did the job.,OR,original,OR
"Perfect for the ""library!""  But started to rust where it hangs from the toilet tank.",OR,original,OR
Have not used it yet  - looking forward to having this handy while we travel!,OR,original,OR
Great product! I use it to store my homemade coconut milk. Glass storage is the best.,OR,original,OR
Nice clock. Love that it is two sided. Keeps time well. Nice size. Looks nostalgic enough.,OR,original,OR
work great on induction stove or single induction element..look great...smallest pan works on my induction stove,OR,original,OR
"I love these boxes, which I actually use as a toy box for my small dog.",OR,original,OR
Makes great coffee.  I used course grounds and have very little grounds in the coffee.,OR,original,OR
"This is a great little cleanup tool for small oops, the dog turned over the planter.",OR,original,OR
Bought these to use on the boat. Very excited to try with wine slushies this summer!!,OR,original,OR
"I love using this to hold my napkins especially outside, which keeps them from blowing away.",OR,original,OR
I did not care for the product.  It did not work for me at all.,OR,original,OR
The product arrived dried up and useless...perhaps laid on the shelf for years.  Returned it.,OR,original,OR
This is so easy to assemble. Delivered on time and it's perfect for me.,OR,original,OR
"We have 2 dogs, these bags are great!  Fit and work like they are advertised.",OR,original,OR
"nice looking, but it doesnt look like stainless.  It works great tho, quiet and efficient.",OR,original,OR
The roses are beautiful. I am using them as flower pot pens in a black vase.,OR,original,OR
"although this is really nice stoneware, it is REALLY REALLY heavy
too heavy for my arthritic hands",OR,original,OR
I returned this. It was much smaller than I expected and there was a bent pole.,OR,original,OR
cute and fabulous - exactly as pictured & described. Shipped fast and well packaged.,OR,original,OR
I love this product. I also recommend this:http://goo. gl/ejdEk5 for something you can reuse.,OR,original,OR
"nice little drainer could have been wider for me but he product is well made and
useful",OR,original,OR
Nice product but you will need glue for the top or else it won't stay on.,OR,original,OR
Such an easy way to make baked potatoes!  I love this and use it regularly.,OR,original,OR
Ordered 3 and one was broken. Very disappointed. Two stars though because the candle smells amazing.,OR,original,OR
Powerful. I use it everyday. It's very industrial so it should work for years to come.,OR,original,OR
"Beautiful and sturdy shower rack.  Good quality, easy to install, and all the parts needed.",OR,original,OR
"Fits the quarter sheet pan perfectly, and together they are great for the Breville Smart Oven.",OR,original,OR
Bought these for husband and he loves them. Less waist and just enough spray of cologne.,OR,original,OR
Works great for RV and outdoor use. A bit tough to wash due to their shape.,OR,original,OR
"A real pain to assemble, but an attractive and functional organizing space once that was over.",OR,original,OR
"We love our instant pot! Makes amazing rice!
Great pressure cooker without the stress of watching it!",OR,original,OR
Bought two for my new double stainless steel sink. They look great and are totally functional.,OR,original,OR
Charcoal in filters spills out into the water.  Not good.  If you have a regular,CG,original,OR
Bought this to go along with my 3rd one. I have a lot of small stuff and,CG,original,OR
Love these clips for my kitchen. The clips are very thick and easy to hang.,CG,original,OR
Wonderful mug. Keeps things hot and cold and drinks well. I will keep my tea in,CG,original,OR
"Used as a Memorial for a friend and she loved it.

The only reason I gave it",CG,original,OR
super deal for this mattress.  The mattress is comfortable and it's also a very strong pill.,CG,computer-generated,CG
My kiddo and I fight over what I want to do with it.,CG,original,OR
"Its ok. Doesn't naturally swirl, but it does the job.

The only reason I",CG,original,OR
"We love these for putting on an entertaining display, and I will keep them for the holidays!Great",CG,original,OR
"Nice shelves, holds my DVR, has the right height and is easy to clean.",CG,original,OR
Best price for the quantity!  I love the look and feel of this pillow.,CG,original,OR
I love these!  They are a nice quality and they fit perfectly on my table!  They,CG,original,OR
It slow down the water flow. The only way to fix it is to just throw the container in,CG,computer-generated,CG
Keeps me from traveling to the stores and the stores. I will keep my bag in the store,CG,computer-generated,CG
"Looks better in person. Kinda bulky, but very comfortable.

The only reason I gave",CG,original,OR
"The weakest part, over-the-door, is that it doesn't feel comfortable.

",CG,original,OR
"this is just ""OK"" takes time to get used to. I will keep my fingers crossed that",CG,original,OR
"This works so well for what it is intended to do.

The only reason I gave it",CG,original,OR
Great support pillow. Material is soft and comfortable. Overall a good purchase.,CG,original,OR
We received this item early and it arrived with a very good seal.  The dimensions are just right,CG,original,OR
This is a piece of cake. The pieces are just what I wanted for my kitchen.,CG,original,OR
"Works great. We used camping spoons and they worked great.

The only reason I gave",CG,original,OR
Got as a joke for this. The only reason I gave it 4 stars is because I just can,CG,original,OR
Product is damaged and feels cheap. The only reason I gave it 4 stars is because the one in,CG,original,OR
"Great pitcher, I use it daily. The only reason I gave it 4 stars is because I just",CG,original,OR
"Does not totally block light, but it does let you know when it's time to turn on the",CG,original,OR
Unique.  These look great and have the quality of a good quality.  They are a bit,CG,original,OR
"Really like this bowl stand.  I love the look and feel of it, and the handle fits",CG,original,OR
Love these sheets. Soft and soft. The quality is good too.  These sheets are a great,CG,original,OR
"this pot work great. it holds a large amount of liquid.

The lid is removable and",CG,original,OR
This is the only fan that has the wide-open feature.  This is the only fan that,CG,original,OR
"A very handy gadget for keeping an open jar of sliced bread cold.

The only downside is",CG,original,OR
"Cute colors and saves my time. The only problem is that it's not really a vacuum,",CG,computer-generated,CG
Item arrived exactly as expected. I love the look and feel of this pillow.,CG,original,OR
Does what it's supposed to do. The only problem is that it's kind of hard to put,CG,original,OR
I wish that this product had an easy to use instructions.  I also wish the instructions were more,CG,original,OR
Nice looking cups for every time. The only problem is that it's kind of hard to find.,CG,original,OR
"Really great iron...my only thing is it doesn't stay in place after washing, it slides out",CG,original,OR
TOTALLY CUTE! It's the perfect size for my morning coffee and evening tea.,OR,original,OR
Lately I've been using a towel again. Its easier to wash and dry then the rubber mat.,OR,original,OR
it drives our kitties nuts with the meows and it is great looking  on the wall.,OR,original,OR
Didn't mix the paint at all. maybe would have been good for a quart. but that's pointless.,OR,original,OR
"Starting to have problems due to Carpel tunnels--this fixed the problem, good quality easy install, works great!",OR,original,OR
Keeping it in my gunsafe to keep the moisture down. No running parts when inside your safe.,OR,original,OR
"Great extra closet storage without the expensive shelving built-ins. Also good in coat closets for hats, scarves....",OR,original,OR
"Works great, quiet, reduces dust on surfaces, keeps my allergies in check. The computer hardly needs cleaning.",OR,original,OR
liked the original style I had for years but it finally died.  This one works fine.,OR,original,OR
"This rug is perfect for my office. The colors are brought and vibrant, avenging other accessories perfectly.",OR,original,OR
"Do not buy, not worth the money. Return time not long enough to test them thoroughly. Disgusted.",OR,original,OR
It does what its suppose to do. It doesnt really move from under my bed too often.,OR,original,OR
"They are ok, don't hold the shape will. Don't mash them or your drink will slosh out.",OR,original,OR
"Getting the name brand is always worth the extra dime.  Exactly as described, and fast shipping!",OR,original,OR
Keeps my daughters chicken nuggets and ravioli warm for several hours. Good product for a sensible price,OR,original,OR
I have several of these and love them.  They have a tight seal and hold plenty.,OR,original,OR
"I love this pillow. I can make it as ""plump"" as I please. It's very cuddly too.",OR,original,OR
Oh sweet joy. This memory foam makes it nearly impossible for me to get out of bed.,OR,original,OR
No way you can beat the price of this and it works great once you season it!,OR,original,OR
What a cute little alarm clock.  Doesn't take up much room and definitely does the job!,OR,original,OR
if you like pinot noir this is the best thing to drink it from we love them,OR,original,OR
This was a Christmas present for my son and his wife.  So far only greaat comments.,OR,original,OR
I love these!!! I use them all the time. They are prefect for my needs.,OR,original,OR
Broke before I could use it! Leg broke during assembly. Cheap materials not fit for intended use.,OR,original,OR
This cover fit perfectly and is beautiful in my room.  It feels thick and good quality.,OR,original,OR
Some how I changed the filter with this but indication for carbon on machine never go away,OR,computer-generated,CG
I purchased new cookware and needed protection; the really work great. Also good for separating glass bowls.,OR,original,OR
These are quite small. I recommend a ruler to see how small they will be before purchase.,OR,original,OR
Another good stand.  I use it with whatever wax pottery vessel I display in the kitchen.,OR,original,OR
Couldn't be happier. Great quality. Super nice padding. Stays on nice and snug. And it's pretty :),OR,original,OR
Works great and my 12 yr old daughter can carry it up the steps not problem; ),OR,original,OR
Just got these today and love them already! Strong and solid with weight and perfect grip! Cheers!!,OR,original,OR
"These are great, however 3 of the 13 bags (3 diff sizes) ripped in the first use.",OR,original,OR
No more sticky mess on the counter.  Nice spoon rest with rubber feet to prevent scratching.,OR,original,OR
"Excellent grinder for me.  I like good coffee, but I am not an expert on coffee.",OR,original,OR
Easy to use. Sweet potatoes are a little difficult but everything else is a breeze with this,OR,original,OR
"arrived on time, great product, looks nice and clean on the counter and works well, feels sturdy",OR,original,OR
"This stuff just works!  I use it for cleaning my kegs, coffee mugs, thermos, tile, etc.",OR,original,OR
"I love the size, the colors, the quality, and the overall quality of the product. ",CG,original,OR
Not as described. Not what I expected. Not what I wanted.,CG,original,OR
YAY!  We were able to assemble the pieces and put them together.,CG,original,OR
Easy to put together and looks nice and the finish is good.  I have a large one and,CG,original,OR
I have used these for a number of years and they are still working great. I have one in,CG,original,OR
"It's ok. For the price, it's a good value. I will keep it for a",CG,original,OR
Purchased one as a gift and it was a very nice item.  I have a large,CG,original,OR
"Really nicely made small knockbox.  I love the look and feel of it, and the size",CG,original,OR
Work perfect to store plastic containers. The only problem is that it's kind of hard to put the,CG,original,OR
"Fits perfectly in our bathtub. The only problem is that it's not really a vacuum,",CG,computer-generated,CG
"This is a wonderful rug.  I love the look and feel of it, and the color is",CG,original,OR
I have a tempurpedic mattress that has the mattress on it's back.,CG,original,OR
"Not a lot of variety, but I thought it would be a nice addition to the kitchen.",CG,original,OR
"Even though my shams were not as well as the ones I had received, I thought this one",CG,original,OR
My kid loves it. It looks great and the materials are good.  I just wish the one,CG,original,OR
"Works perfectly as expected. A little bulky, but very comfortable.

The only reason I gave",CG,original,OR
Great little unit. Wish it had an electric motor instead of a motor.,CG,original,OR
"Great product, good heavy set, will be ordering more. Love it.",CG,original,OR
Works fine but has a small hole in the bottom. I will keep that in mind when ordering.,CG,original,OR
A very study piece!  We have had the wooden part of the cup for a couple of years,CG,original,OR
"Finally, the perfect knife block.  The only problem is that it's not really a sharp edge",CG,computer-generated,CG
"I just used mine to make an apple pie crust. I did not need a pie crust, but",CG,original,OR
"Like walking on air!  We have the wide wooden legs of a travel trailer, and this one",CG,original,OR
"Like the drainer, but it has the design flaw. I need to turn it off to keep",CG,original,OR
These work really well.  We have had the wooden part of the cup for a couple of years,CG,original,OR
Beautiful rug. Ive had it for 3 years and love it.,CG,original,OR
"Very pricey, but very nice. I love the look and feel of this pillow.",CG,original,OR
"Great skirt! Love that the embroidery is very comfortable.

The fabric is a bit",CG,original,OR
"Not super powerful. Creates a nice, suction-free surface.",CG,original,OR
"still sucking over a year, and the only way to fix it is to just throw the container in",CG,original,OR
Daughter in law loves this.  She uses it to make her smoothies for her family.,CG,original,OR
Nice shape and size. Steeped up and down the stove for a couple of hours.,CG,original,OR
Works great if you cook a lot and want to make a smoothie for a small family.,CG,original,OR
"I really like the fan, it's quiet and stays cool.  I have a large one and",CG,original,OR
"Nice size fan, we packed it in the shipping box and it arrived on time.",CG,original,OR
"This can opener is a little bulky, but it is a great product for the price.",CG,original,OR
"I like using it, light and sturdy, cutting cheese and truffles well, good find adjustments, nice solid metal.",OR,original,OR
Awesome wastebasket!!! I would recommend it to anyone! Especially if you have a tight space like the bathroom.,OR,original,OR
This comforter is really comfortable.. comforter=comfortable. Just as described. It's brand new looking and quality is really fine.,OR,original,OR
"OMG this is all I use for butter, cream cheese etc. I never use my butter knifes anymore!",OR,original,OR
"I have two of these, one for the kitchen and one for the dining room.",OR,original,OR
I love that this has less plastic than other foaming dispensers. It works really well and looks nice.,OR,original,OR
Colors don't show up as good as the pictures. Some of the them are trying to come off.,OR,original,OR
So much on a  dinner table. we really enjoy this and have ordered several for wedding gifts,OR,original,OR
"Delivery was exactly as expected.  Bowls were in perfect condition, however they were much smaller than expected.",OR,original,OR
"Works great, now am able to measure grams also, makes it easy to use recipes from other Countries.",OR,original,OR
my wife love it.  Too bad you cannot use your own coffee. Their capsules are too expensive.,OR,original,OR
What rod fine. Very flimsy so I have to hold it precariously to even fill it with water,OR,original,OR
Seems to be ok on my butcher block .Not sure if it works any better than mineral oil.,OR,original,OR
"It works.  With a name like this, I was surprised to find that it's built in Asia.",OR,original,OR
This actually works. Our car was getting a funk and it after one week it is completely gone.,OR,original,OR
Not great: the steel is pretty thin. But the design is good and they're OK. Nice glass covers.,OR,original,OR
"The button wells are a bit shallow, but they still came out cute.  I used candy melts.",OR,original,OR
"I mean, it's a toilet brush but it's a very pretty toilet brush and seems to work well.",OR,original,OR
"i gave it five stars, you want me to leave a comment too.  have some consideration please!",OR,original,OR
Love this! Well made! Got it for storage in the bathroom. Fits double rolls of toilet paper well.,OR,original,OR
"This stuff did not adhere very well on the corners of our tables and is nowhere near ""Clear"".",OR,original,OR
Have dishes with this pattern and love the glasses to match.  Love the size and the shape.,OR,original,OR
Much larger than expected. Almost excessive but I love the patterns and it looks wonderful in my room.,OR,original,OR
"Necessary kitchen tool, this one was rated high by purchasers, and it works great.  Arrived on time.",OR,original,OR
Takes a while to get enough for noodles but ok product. Your hand might be tired when done.,OR,original,OR
Great frame. Wish the backer was a little heavier than cardboard but for the price it is fine.,OR,original,OR
"Really to strong, was expecting the pleasant aroma of Jasmine, instead got a heavy sweet smell unlike Jasmine.",OR,original,OR
I used these to hang pictures at a bridal shower.  They were super cute and good quality.,OR,original,OR
Great little unit for storage and organizing in my bathroom. I might just get another it's so handy.,OR,original,OR
"The  quality is not that good. When I bake a pie, the silicone cake pan changes color.",OR,original,OR
This set works perfectly with our new RTIC 30-ounce mug.  Everything is there if we need it.,OR,original,OR
Bought these as extra containers for my 6 Pack Fitness Renee tote. Easier to meal prep with more.,OR,original,OR
You would be better off just sitting you kitchen wrap products on your pantry selves or kitchen counter.,OR,computer-generated,CG
This makes very good coffee and just the right temperature.  We also like the single serve option.,OR,original,OR
"Perfect size, fit exactly into bed frame.  My 16 and 13 year old daughters put it together.",OR,original,OR
"I love it! It looks great in our entryway and despite the abuse from my boys, it's fine!",OR,original,OR
I have only had time to use it with the instructions but it works great for the price.,CG,original,OR
I am very pleased with this set and the quality. I will keep my review for future reference.,CG,original,OR
Best looking bar stool I use for my husband and I.  We also have a large one.,CG,original,OR
Beautiful napkins that wash very easily. The only problem is that they are too small for my,CG,original,OR
Beautiful piece of furniture!  We have had it for a few months now and it's been,CG,original,OR
I don't like that they are not the same as other brands.  These are the same type,CG,original,OR
I just wish they would have an option to make a smaller one.  I would have ordered the,CG,original,OR
"This clock is silent, so it will be an inconvenience to wake it up for a few minutes every",CG,original,OR
"Great product for the price, looks great and does the job.

The only reason I gave",CG,original,OR
"Beautiful bed!
Only wished the headboard was a little wider, which is a nice bonus",CG,original,OR
"Great posters.  look really nice.  Love the colors.  Also, the dimensions are pretty",CG,original,OR
"got this for my daughter and she loves it!Very good quality.Nice, sturdy, and sturdy",CG,original,OR
Loved the color. It is a little darker than the picture but it's still beautiful.,CG,original,OR
"Looks well made... haven't used it yet, but it is good enough to make a small batch",CG,original,OR
Works well and very compact!  I love the look and feel of this pillow.,CG,original,OR
We bought this as a gift for my daughter and she loved it.  It's been a great,CG,original,OR
Love this funny little rack!  I love the look and feel of it!  I have one,CG,original,OR
"Thin. They won't last forever, but they are a very good price.",CG,original,OR
I love this! It's such a cute little design and it's a nice size for the size,CG,original,OR
Worst Product I've bought on Amazon. The only reason I gave it 4 stars is because I,CG,original,OR
"This can opener works once, takes a long time. I will keep my opener in the drawer.",CG,original,OR
This is my 4th safavieh and it is the best. I will keep this for,CG,original,OR
Bought this for a tea party.  It's a good size and looks great in my kitchen,CG,original,OR
Works well as a small kitchen tool and as a small tool.  I have a large one and,CG,original,OR
"This is a very nice little set, and very comfortable for a travel mug. I would recommend.",CG,original,OR
Fits on my dyson. Not an easy task to put together.,CG,original,OR
Super soft and light but not bulky.  It is a little heavy for my small bedroom and doesn,CG,original,OR
So far so good- I use it everyday.  I've also used it for a few hours,CG,original,OR
The very best bakeware pan.  The only reason I gave it 4 stars is because the one,CG,original,OR
I bought it to take a bath and it's just what I needed!  I love the extra,CG,original,OR
"I was skeptical, but these are a nice quality and they fit nicely on my table.",CG,original,OR
These are great - especially if you have an area where you need to turn a small piece of wood,CG,original,OR
Bought for bridal shower cupcakes.  They are very soft and I really love how they,CG,original,OR
"I love this towel, it holds a lot of stuff. I also love that it's been washed",CG,original,OR
Do not make smoothies in this. The only reason you need it is that it doesn't slide,CG,computer-generated,CG
These are great for starting charcoal in the grill.  Burn long enough to get a good coal going.,OR,original,OR
This is a great cooker. It is making me fatter. Easy to clean and lighter than traditional crock pots.,OR,original,OR
These are exactly as pictured and look great. They look great in our log home with our burlap curtains.,OR,original,OR
These are the best bath mats I have ever owned.  I use exactly as directed in the instructions.,OR,original,OR
Absolutely love this kitchen towel.  I redecorated my kitchen in owl theme and this looks perfect in there.,OR,original,OR
Excellent purchase. very cute got a lot of compliments. it's not huge it's enough for a small space.,OR,original,OR
My last mortar and pestle was lost during a move. I much prefer this replacement. It is more effective.,OR,original,OR
"love these bags but one had a hole in it, but a good price for the amount you get",OR,original,OR
"They were exactly what I needed, and almost seemed stronger than the original ones that came with the Nutribullet.",OR,original,OR
Poorly assembled. Wheel wobbles and material is under gauged. Don't waste your money. Went in trash after one use.,OR,original,OR
Just the right size at two cups to hold snacks. And the price drop made le pull the trigger.,OR,original,OR
"Total crap, cups are all scratched up and lid seal fell apart in 6 months. Glass is always better!",OR,original,OR
Very small and flimsy looking bag. The product info on the webiste is somewhat unclear/misleading. Had to return it.,OR,original,OR
"Love the product, works great - not so happy with not getting my 2 free blades like it advertises.",OR,original,OR
"The sock, underwear and other drawer are great. The bra holder is good but not for larger cup sizes.",OR,original,OR
For the price this is a great thermometer.  Really like that it folds up so it stores better.,OR,original,OR
"I like these mats, makes baking cleanup much easier, they clean in just a second would recommend to buy",OR,original,OR
"Good size, a few different settings, and even has a little light to it which helps out at night.",OR,original,OR
Really good value. Scale is accurate and has a guarantee. IDK how you can beat a deal like this.,OR,original,OR
"Although this tablecloth is so pretty, it tears very easily. It did not last very long on my table.",OR,original,OR
"This is absolutely  adorable. Pretty blue color, more vibrant than photo. It's also very large and nice quality.",OR,original,OR
Very easy to keep the spoon head in the right direction with the spiral cut.  Very good product.,OR,original,OR
Product is as described. My bundles won't stay lit but works for the purpose I am using them for.,OR,original,OR
"Decent design, but a little bit too small for me. It should work great for people on a diet.",OR,original,OR
"This stinks but it is cute, roomy, folds flat (which I love), and is overall a great lunch bag.",OR,original,OR
"Stupid me, I thought it would be laminated, but it's a print. Still nice, just change in hanging plans.",OR,original,OR
"I bought a  couple of the duvet covers and they are so nice,  silky  and soft.",OR,original,OR
I was expecting more.  It's quite a workout to use it and the results were subpar at best.,OR,original,OR
"This is a fantastic, easy to apply product that will put the shine back on hardwood and tile floors!",OR,original,OR
"Love these sheets!  This makes my 2nd purchase.  Soft, wrinkle free, and keeps me cooler at night!",OR,original,OR
"Good price and work well.
Given in party bags and the kids thought they were cool.
Would buy these pens again.",OR,original,OR
Great for a playroom with multiple children. It fits a bit of everyone's favorite.,OR,original,OR
Very poor quality.  Thought it would be funny and usable...Problem is that it doesn't fit a wine bottle.,OR,original,OR
Beautiful ivory color. So soft. A little thinner than I thought they would be but I still love them.,OR,original,OR
Arrived with several minor scratches on it. Not bad for the price but the scuffs and scratches bother me.,OR,original,OR
Time will tell how long it takes you to finish. I will say that it's been pretty stable,CG,original,OR
best spot cleaner on the market. The only problem is that it's kind of hard to clean.,CG,original,OR
It does what it is supposed to do. It is a smoothie that is perfect for the time,CG,original,OR
"This pot is wonderful! So easy to clean and very comfortable.

The only reason I gave",CG,original,OR
"This may doesn't stick to the counter, but it is a good deal for a small kitchen.",CG,original,OR
Used this for a wallet and it was a very good value.  I have a large one and,CG,original,OR
It is so pretty.. I put it in the freezer and it pops out! It's been awesome,CG,original,OR
So comfortable!! I feel like it will be a long time before it becomes my go to pillow.,CG,original,OR
"Magnificent quality, the pattern looks nice and the design is just what I wanted.",CG,original,OR
"Does not work for the time being, as the instructions say it will turn off the oven and the",CG,computer-generated,CG
"great bathroom accessory for our kitchen. The only problem is that it's not really a vacuum, but",CG,original,OR
I love the over all look of the pillow cases. I also love that the pillow cases are extra,CG,original,OR
Pretty darn cool ice molds!  I love the look and feel of these!  I have,CG,original,OR
"These were filled with both white and gray paint, which was a nice touch. I was surprised to",CG,original,OR
I actually use this as a makeshift suction cup. I also love that it's removable and can,CG,original,OR
Mild scent and burned for a couple of hours.  I will keep my roses in the house,CG,original,OR
great corner space saver. I use it as a long-term storage space for my small kitchen,CG,original,OR
"Durable and no problems using it. The only problem is that it's not really a vacuum,",CG,original,OR
"Unfortunately I need to send it back and the box is too large.

The only one I",CG,original,OR
"This is a great product and a great price.Very good quality.Nice, sturdy, and functional",CG,original,OR
This is a beautiful lamp.  It is very well made and looks nice on my countertop.,CG,original,OR
just love this. It is a little smaller than the other two but still fits my small vacuum and,CG,original,OR
These are very sturdy and look great in the kitchen. I will keep them for the next couple of,CG,original,OR
"looks elegant in the bathroom, and the quality is just right.  The only reason I gave",CG,original,OR
"Sharp edges, rough interior, sharp edges. The only reason I gave it 4 stars is because the",CG,computer-generated,CG
"Looks very nice when I'm using it, and very comfortable.

The only reason I gave",CG,original,OR
Great table for great price.  The only problem is that it's not really a large one.,CG,original,OR
I love it. Can be used on the stove top. I also love that it's removable and,CG,original,OR
Just what we needed for a set of glasses.  I will keep my glasses in the store.,CG,original,OR
Great ramekins. Love the bright colors. The only problem is that it's not really a,CG,original,OR
"The three sections are smaller than the original design, which is a nice bonus. I like the extra",CG,original,OR
"nice blanket, warmer than expected.  I love the look and feel of this blanket, I am",CG,original,OR
"I just began home brewing and it was an absolute breeze.

The only reason I gave it",CG,original,OR
I was very pleased with this set and the quality. I will be purchasing more in the future.,CG,original,OR
"Very nice plates, the only complaint is the design is a bit sloppy. If you have a couple",CG,original,OR
I was able to assemble it with the pieces and instructions included.  The only reason I gave it,CG,original,OR
I loved this so much that I bought the second one for my husband for Christmas.,CG,original,OR
The shower curtain was a little thinner than the picture. I will admit that it's been a little,CG,original,OR
Love this trash can!!! Super soft and easy to clean. I will keep my trash can!I,CG,original,OR
"It looks good hanging from the wall, but the instructions are a little difficult to read.",CG,original,OR
"works great however, look at the picture and the picture is a bit misleading.",CG,original,OR
Bottles are just what I needed. The only problem is that it's kind of hard to put,CG,original,OR
"I don't know what else to say, but it is a great product for the price! ",CG,original,OR
"These are nice molds. Could be a little bigger, but nice size for the kids and those watching their waistline.",OR,original,OR
Looks neat and is the right height for the spot I wanted.  Replaced the pot with a sturdier one.,OR,original,OR
"This has survived 2 years and many washings and
still looks great.
I will surely buy another, if it ever looks scruffy.",OR,original,OR
"These are very easy to use, easy to clean, and being able to freeze and microwave is a great boon",OR,original,OR
Love it! Perfect size & looks very nice & hides my husband's messy desk perfectly! Recommend for a space-saving organizer.,OR,original,OR
"Well made, but shape isn't ideal for larger ears. Also they do not nest together, which would have been nice.",OR,original,OR
Got this for measuring hot cocoa.. its the perfect size for a coffee cup... my kids can make there own,OR,original,OR
Beautiful Mirrors that look way more expensive than they were.  We purchased three of these and we love them.,OR,original,OR
thick sturdy plastic. Works great for pasta and salads among other things. seems to be holding up fine. a ok.,OR,original,OR
Really like it.  It is super light weight and washable.  It does not pull your shower curtain down.,OR,original,OR
I had this before and loved it this time I can barly get lids off and on-dont know what happened.,OR,original,OR
Absolutely gorgeous soft rug I absolutely adore this rug and love walking on it every day it is very soft,OR,original,OR
Looks really nice on our wall. It was pretty easy to setup and color matches web picture pretty well also.,OR,original,OR
So happy I got this roasting pan..  been wanting one to replace my old one for a long time.,OR,original,OR
I've burned Nippon Kodo sandalwood incense for years.  I like the cedarwood every bit as much as the sandalwood.,OR,original,OR
Boy this gets hot fast. Love it to take in a motel room for instant coffee or hot chocolate .,OR,original,OR
Super mini vac. Does all I want. Works great on my bare floors and leather furniture and around my appartment,OR,original,OR
"Nice pans, good deal, didn't realize the bottom were not smooth.  Gave to a friend with a gas stove.",OR,original,OR
"My sleep number bed has a giant plastic base instead of a box spring, it turns out can't use them!",OR,original,OR
Use these every day.  Convenient size and easy to clean.  Have 3 and love them.  Nice finish.,OR,original,OR
Bought to do some school work and crafts on my bed or couch. Works perfect and very easy to clean!!!!,OR,original,OR
"So happy they were on
Amazon.  They are just what I wanted, and are doing the job.  Thank you.",OR,original,OR
"The color is not bright gold, it's more of a rose gold.  But that works out nicely for me.",OR,original,OR
"absolutely beautiful shower hooks. I was skeptical to buy such expensive shower hooks, but they are so worth the money",OR,original,OR
These gloves have prevented burning my hands since I started to use (several months). Does what it is supposed to.,OR,original,OR
These are nice.  They launder beautifully and are wrinkle free from the dryer!  Very satisfied with this purchase.,OR,original,OR
They are hard to get up in the air but when you get one that goes up it is beautiful!,OR,original,OR
"Wonderful product, pan is like it was advertised. I am sure I will enjoy and use for years to come.",OR,original,OR
"At first glance I thought this will never last.  However, it's holding up well and the price was great.",OR,original,OR
Got one of these for each of the kids and for my husband and I.  We all love them.,OR,original,OR
"Love, love love it!!!  The sizzle is perfect, the material is perfect and it's nice and fluffy and warm.",OR,original,OR
I absolutely love my new clock.  If you like unusual and bright colors.. this is the clock for you!,OR,original,OR
"I love the look, the color and the size of this blanket. I just wish it didn't shed so much.",OR,original,OR
Very happy with this.  I put it by the front door and it never fails to get a laugh.,OR,original,OR
"The supplier of the filter is pretty understanding, kind, accurate and fair. I was very happy with them.",OR,original,OR
Great light weight little cutting board. Wish they made this one in the bigger size. Goes right in the dishwasher.,OR,original,OR
If you have a pet this is Great for hair  Make sure you clean it between and after use,OR,original,OR
"Chilled it in the freezer for a few hours, resulted in a fantastic cold lemonade that lasted a good while",OR,original,OR
What an awesome tie/bowtie solution! Husband loves this! It solved many aggravating days of ties falling all over the place!,OR,original,OR
This is exactly what I was needing - love these! Haven't had any issue and received as expected.,OR,original,OR
"These filters are not only a great value, but they are also better quality than the original filter! Great purchase!",OR,original,OR
Tore apart easier than toilet paper. Its so cheaply put together. Do not waste your time and money.,OR,original,OR
"I love to make custard in the cold months, and this is a nice matched set that work very well.",OR,original,OR
Just the right size for what I need. Not too big or too small.,CG,original,OR
My favorite glasses bought after reading this review.  I've tried a lot of different glasses and this is,CG,original,OR
didn't realize until I used it. The only reason I gave it 4 stars is because I just can,CG,original,OR
"Softer than I expected! Best of all, the finish is thick and easy to clean!Very pretty",CG,original,OR
I looked all over for a set and found them in the same store as these. I ordered the other,CG,original,OR
This is a great corner rack. The only problem is that it comes with a small screw driver.,CG,original,OR
"great brushes, I wind up using a whole bunch of these for all kinds of things.",CG,original,OR
"It does what it claims it will, but it is too small.

The only downside is that",CG,original,OR
Powerfully sticky and tough! Worked for me and the only thing I didn't like is the way,CG,original,OR
"Ice cream spades are wayyyyyyyy too long. I will keep my old ones!
",CG,original,OR
It didn't suck anything up. I love the feel of the fabric.,CG,original,OR
"I got these to cover a bunch of pieces of furniture I need to make my house more modern.
",CG,original,OR
Works as expected. I have had it for a year and I still love it. I have one in,CG,original,OR
"Just as pictured. Easy to use. The only problem is that it's not really a vacuum, but",CG,original,OR
It runs quiet and eliminated some of the noise we've heard in our bedroom. I'm not sure how,CG,original,OR
These egg rings are exactly what I wanted.  I've had mine for a couple of years now and,CG,original,OR
Bought this to go with my old suction cups. I use them for my small vacuum and they,CG,original,OR
Super cute because it looks nice. The only problem is that it's kind of hard to put the bottom,CG,original,OR
I purchased these to compliment my new Teflon stovetop.  These work well and look great.,CG,original,OR
The plastic tip kept coming off. The only way to fix it was to just throw the cup in the,CG,original,OR
Great price on these refills.  They are very well made and will last for a very long time,CG,original,OR
Works as promised. I enjoy using it and the materials are good.  I have a large one and,CG,original,OR
"Really like the construction and looks. The only problem is that it's not really a vacuum, but a",CG,original,OR
I love it. The mug looks great and the finish is good.  I have a large one and,CG,original,OR
Keeps my coffee hot for hours. The only reason I gave it 4 stars is because I just can,CG,original,OR
i used this as a starter set and the finish is good.  I have a few of the other,CG,original,OR
"Really thin sides, which makes it a little difficult to hold.

The only reason I gave it",CG,original,OR
"reasonable price, decent workmanship, and looks great in the kitchen. I will keep my review for future",CG,original,OR
"So cute, it almost looks like an actual tree, and I'm very happy with the size and the",CG,original,OR
i'm very glad these attachments are included and the materials are good.  I just wish the one in,CG,original,OR
"the hip flask works fine, but the design is a bit of a mess. I'm not sure how",CG,original,OR
Got these for my memory foam mattress and they look great.  I also have a mattress pad and a,CG,original,OR
Terrible!! Came in a very nice box and was very easy to assemble.,CG,original,OR
This seems to be well made. The only problem is that it comes with a small screw driver.,CG,original,OR
"No matter how one uses it, the quality is just what it was designed for. Very pretty.",CG,original,OR
"Smaller then I thought it would be, but it is a little bigger then I thought.",CG,original,OR
My crepes have never been better. The only reason I gave it 4 stars is because I just can,CG,original,OR
These hangers are very good quality. The only problem is that they are not really the same color.,CG,original,OR
I do like these they are a little smaller than I was expecting.  They are a bit lighter than,CG,original,OR
"Beautiful and soft
Ordered king size and it arrived with a very thick blanket.",CG,original,OR
"Awesome little candy making station.  I love the look and feel of it, and the size and the",CG,original,OR
"Let me tell you on this one, the best part is that it's a very strong one.",CG,original,OR
I just got it.... It looks great and the materials are good.  I just wish the one in,CG,original,OR
"Very solid built and appears to be well made.Very good quality.Nice, sturdy, and functional.",CG,original,OR
Very impressed. I am so happy with the details of the this pen. It will be a hit at our Anniversary.,OR,original,OR
Perfect size for a small counter top. Love the warm white and the clean retro style is very now. Thanks Daewoo.,OR,original,OR
"These are great cloths.  A little larger than I prefer, but good quality and thickness.  I would recommend them.",OR,original,OR
love the coffee pot and the filters don't leave any paper taste to the coffee. Sturdy when wet and no drip,OR,original,OR
This is exactly what I have been looking for!  Now I can easily measure out salt and pepper for recipes.,OR,original,OR
"Good. As expected.  Would have preferred a more shaped handle, but knew before the purchase that it didn't have one.",OR,original,OR
